Transaction ID,Transaction Date,Amount,Currency,Sender Account,Receiver Account,Sender Country,Receiver Country,Transaction Type,Customer Type
TX0001,2026-05-14 19:15,6198.81,AUD,ACC578365,ACC829070,United Kingdom,United States,Cash Deposit,Individual
TX0002,2026-05-24 18:31,4393.2,JPY,ACC162496,ACC545140,Italy,Belgium,Credit Card,Individual
TX0003,2026-04-10 03:19,198.7,JPY,ACC683705,ACC961850,United States,Italy,Wire Transfer,Individual
TX0004,2026-06-04 20:06,3084.82,CAD,ACC504531,ACC830901,United Kingdom,France,Credit Card,Individual
TX0005,2026-05-04 13:19,3527.57,EUR,ACC315963,ACC567288,Germany,Germany,Cash Deposit,Individual
TX0006,2026-06-09 08:03,7486.36,AUD,ACC414328,ACC460160,Japan,Sweden,ACH,Individual
TX0007,2026-04-12 08:53,17889.99,AUD,ACC355953,ACC815131,Australia,France,Wire Transfer,PEP
TX0008,2026-05-23 11:32,15586.27,USD,ACC545140,ACC809305,France,Belgium,ACH,Individual
TX0009,2026-06-12 12:38,1082.06,EUR,ACC864878,ACC325127,Sweden,Belgium,Cash Deposit,Individual
TX0010,2026-05-06 17:39,1377.48,EUR,ACC288499,ACC864878,Italy,Spain,Cash Deposit,Individual
TX0011,2026-02-18 06:04,1362.54,EUR,ACC706020,ACC168157,Netherlands,Netherlands,Credit Card,Individual
TX0012,2026-03-29 22:13,20036.02,GBP,ACC223800,ACC148845,Cayman Islands,Italy,Cash Withdrawal,Individual
TX0013,2026-01-15 17:38,11147.51,AUD,ACC708064,ACC176756,Japan,Italy,ACH,Individual
TX0014,2026-02-24 11:51,858.59,CAD,ACC429407,ACC632084,France,Sweden,ACH,Individual
TX0015,2026-06-19 07:52,5340.58,USD,ACC383051,ACC515949,United States,Italy,Cash Deposit,Individual
TX0016,2026-06-02 03:48,6812.82,GBP,ACC980770,ACC401924,Belgium,Japan,Check,Individual
TX0017,2026-01-10 23:21,2533.28,AUD,ACC288499,ACC685184,Canada,Japan,Cash Withdrawal,Individual
TX0018,2026-05-05 03:10,6350.91,GBP,ACC778563,ACC150631,Spain,Canada,Cash Withdrawal,Individual
TX0019,2026-06-18 03:19,16872.35,CAD,ACC961850,ACC428988,Venezuela,Syria,Cash Deposit,Individual
TX0020,2026-06-13 00:17,6140.96,USD,ACC239643,ACC578365,Germany,Belgium,Cash Deposit,Individual
TX0021,2026-04-07 06:06,7760.38,GBP,ACC538485,ACC709851,United Kingdom,United Kingdom,Cash Withdrawal,Individual
TX0022,2026-05-10 20:43,4604.09,CAD,ACC674351,ACC148845,Japan,United States,Wire Transfer,Legal Entity
TX0023,2026-02-17 23:22,7767.0,USD,ACC164867,ACC683705,Netherlands,Spain,Check,Individual
TX0024,2026-03-13 06:15,22490.31,GBP,ACC289505,ACC782554,Netherlands,Spain,Wire Transfer,Individual
TX0025,2026-01-03 17:51,5455.7,AUD,ACC723241,ACC538485,Italy,Sweden,ACH,Individual
TX0026,2026-06-07 03:13,641.88,GBP,ACC198142,ACC315963,United Kingdom,Belgium,ACH,Individual
TX0027,2026-06-10 06:37,5787.8,CAD,ACC814328,ACC334083,Australia,Germany,Credit Card,Individual
TX0028,2026-02-16 12:49,26772.97,EUR,ACC272975,ACC864878,United Kingdom,Germany,Cash Withdrawal,Legal Entity
TX0029,2026-05-27 01:05,543.37,GBP,ACC914983,ACC619167,Italy,Canada,ACH,Individual
TX0030,2026-01-03 02:23,3774.67,JPY,ACC173248,ACC160816,Germany,Belgium,Check,Individual
TX0031,2026-02-26 22:08,5047.55,CAD,ACC148845,ACC677814,Australia,Australia,Check,Legal Entity
TX0032,2026-04-11 01:51,5547.62,USD,ACC691783,ACC258176,Sweden,Canada,Check,Individual
TX0033,2026-05-31 06:40,28280.38,JPY,ACC980770,ACC961850,Cayman Islands,United States,ACH,Individual
TX0034,2026-04-01 16:37,6698.71,USD,ACC705136,ACC467188,United States,Canada,Cash Deposit,Individual
TX0035,2026-06-01 02:34,134.53,JPY,ACC423466,ACC702326,Germany,Netherlands,Cash Deposit,Individual
TX0036,2026-01-30 00:06,4315.96,AUD,ACC813451,ACC800675,Italy,Australia,Check,Individual
TX0037,2026-02-05 21:07,3403.19,GBP,ACC813451,ACC932967,Netherlands,Japan,Credit Card,Individual
TX0038,2026-03-06 22:55,6442.95,GBP,ACC914983,ACC414328,Australia,Germany,Cash Deposit,Individual
TX0039,2026-05-10 04:11,6738.09,AUD,ACC139317,ACC677814,Sweden,France,Credit Card,Individual
TX0040,2026-05-20 06:26,304.15,EUR,ACC620528,ACC325127,Netherlands,Sweden,Check,Legal Entity
TX0041,2026-01-13 07:15,20135.24,GBP,ACC927425,ACC296997,United States,United States,Cash Withdrawal,Individual
TX0042,2026-02-09 15:34,2961.56,JPY,ACC932967,ACC515949,United States,United States,Wire Transfer,Legal Entity
TX0043,2026-03-14 06:40,566.57,JPY,ACC479146,ACC315963,Italy,Germany,Cash Deposit,Legal Entity
TX0044,2026-04-01 03:26,19861.49,CAD,ACC168157,ACC296997,Syria,France,Cash Deposit,PEP
TX0045,2026-06-24 07:36,7015.35,JPY,ACC846702,ACC163616,Netherlands,United States,Wire Transfer,Legal Entity
TX0046,2026-03-11 07:37,29131.38,CAD,ACC289505,ACC832948,Panama,United States,Cash Withdrawal,Individual
TX0047,2026-02-14 16:05,1455.21,CAD,ACC195119,ACC467188,Netherlands,France,Credit Card,Individual
TX0048,2026-06-25 13:58,5712.87,CAD,ACC259367,ACC545140,United States,Sweden,ACH,Individual
TX0049,2026-02-19 15:50,5925.31,CAD,ACC714006,ACC360494,France,Japan,Check,Individual
TX0050,2026-01-10 00:13,1560.03,JPY,ACC334083,ACC258176,Italy,Sweden,Wire Transfer,Individual
TX0051,2026-05-26 22:03,18303.27,EUR,ACC223514,ACC695082,Japan,Sudan,Wire Transfer,Legal Entity
TX0052,2026-04-08 02:34,5393.65,GBP,ACC479146,ACC723241,Canada,Netherlands,Cash Deposit,Individual
TX0053,2026-05-08 18:02,858.02,JPY,ACC229815,ACC251262,United States,United States,Cash Deposit,Individual
TX0054,2026-02-27 09:08,502.41,EUR,ACC714006,ACC296997,United States,Spain,Wire Transfer,Individual
TX0055,2026-02-17 21:05,4010.5,AUD,ACC331821,ACC796414,Italy,Belgium,Wire Transfer,Individual
TX0056,2026-04-28 01:41,4201.32,USD,ACC749078,ACC702326,United Kingdom,Canada,ACH,Individual
TX0057,2026-05-02 02:10,3991.33,USD,ACC414328,ACC334083,United Kingdom,Australia,Cash Withdrawal,Legal Entity
TX0058,2026-02-06 01:35,2000.46,USD,ACC829070,ACC749078,France,Italy,ACH,Individual
TX0059,2026-06-05 06:20,5521.23,JPY,ACC588218,ACC139317,Germany,France,Wire Transfer,Individual
TX0060,2026-05-23 12:10,2175.61,USD,ACC711097,ACC677814,Venezuela,Germany,Wire Transfer,Individual
TX0061,2026-04-20 17:11,17348.2,GBP,ACC866676,ACC331821,Myanmar,Sudan,ACH,Individual
TX0062,2026-02-03 01:59,3516.66,AUD,ACC161981,ACC575198,United Kingdom,France,Wire Transfer,Individual
TX0063,2026-02-02 18:23,6347.39,GBP,ACC702326,ACC272975,Germany,Spain,Wire Transfer,Individual
TX0064,2026-01-28 23:38,862.39,GBP,ACC832948,ACC677814,Belgium,France,Cash Withdrawal,Legal Entity
TX0065,2026-03-20 13:51,367.99,USD,ACC490487,ACC711097,Japan,United Kingdom,Cash Deposit,Individual
TX0066,2026-04-27 22:49,2945.1,EUR,ACC315963,ACC864878,Germany,Australia,Cash Withdrawal,Individual
TX0067,2026-03-06 09:49,3567.36,EUR,ACC272975,ACC538433,Netherlands,Germany,Cash Deposit,Individual
TX0068,2026-03-02 10:03,22656.68,USD,ACC490487,ACC479146,Venezuela,Cyprus,Wire Transfer,PEP
TX0069,2026-02-26 04:50,3354.31,USD,ACC967017,ACC259367,Netherlands,Belgium,Cash Deposit,Individual
TX0070,2026-04-12 04:46,1415.69,EUR,ACC714006,ACC539499,Germany,Japan,Cash Withdrawal,Individual
TX0071,2026-04-06 04:55,6313.92,CAD,ACC761259,ACC195119,Spain,Germany,Check,Individual
TX0072,2026-03-11 19:38,1104.21,CAD,ACC961850,ACC657549,Spain,France,Wire Transfer,Individual
TX0073,2026-01-25 04:02,1944.41,EUR,ACC588218,ACC597128,Venezuela,Myanmar,ACH,Individual
TX0074,2026-01-17 02:27,5173.82,USD,ACC901710,ACC229815,United States,Sweden,Wire Transfer,Individual
TX0075,2026-01-15 06:24,24109.87,USD,ACC315963,ACC814328,North Korea,Iran,Credit Card,Legal Entity
TX0076,2026-06-24 07:36,3692.38,AUD,ACC190122,ACC401924,Spain,Japan,Credit Card,Individual
TX0077,2026-03-18 14:58,7140.14,CAD,ACC967017,ACC141111,Germany,Japan,Check,Individual
TX0078,2026-06-21 14:09,29658.41,JPY,ACC778563,ACC251262,North Korea,Belgium,ACH,Legal Entity
TX0079,2026-03-17 15:17,3740.78,EUR,ACC706020,ACC428988,Italy,Sweden,Cash Deposit,Individual
TX0080,2026-01-06 00:15,12910.73,JPY,ACC515949,ACC259367,Sudan,United States,Check,Individual
TX0081,2026-04-03 06:09,23361.91,USD,ACC483452,ACC181390,Belgium,Venezuela,Wire Transfer,Individual
TX0082,2026-05-21 17:48,1312.91,USD,ACC141111,ACC677814,Netherlands,United States,Credit Card,Legal Entity
TX0083,2026-02-05 12:40,4545.15,EUR,ACC289505,ACC198142,Japan,Spain,ACH,Individual
TX0084,2026-06-19 11:36,24002.67,USD,ACC705136,ACC195119,United States,Italy,Cash Deposit,Legal Entity
TX0085,2026-02-15 10:08,7685.01,AUD,ACC927425,ACC190122,Germany,Australia,Wire Transfer,Individual
TX0086,2026-06-29 04:58,1313.42,GBP,ACC597128,ACC251262,Sweden,Netherlands,Check,Individual
TX0087,2026-01-29 22:33,8207.79,EUR,ACC185831,ACC148845,Australia,United Kingdom,ACH,Individual
TX0088,2026-06-19 22:19,6840.47,AUD,ACC575198,ACC711097,Belgium,Netherlands,ACH,Individual
TX0089,2026-05-04 16:49,2914.98,CAD,ACC352353,ACC423466,Netherlands,Netherlands,Credit Card,Individual
TX0090,2026-05-13 22:18,6176.12,GBP,ACC190122,ACC782554,United States,Belgium,ACH,Individual
TX0091,2026-05-03 04:57,7669.31,USD,ACC800675,ACC272975,France,Australia,Credit Card,Individual
TX0092,2026-02-09 16:09,7778.36,EUR,ACC162496,ACC702326,Netherlands,Netherlands,Cash Deposit,Individual
TX0093,2026-05-28 20:54,2273.0,EUR,ACC168157,ACC866676,Germany,Japan,ACH,Individual
TX0094,2026-01-22 06:59,23737.92,GBP,ACC698951,ACC175954,United States,Iran,Cash Withdrawal,Individual
TX0095,2026-06-14 04:27,3091.36,JPY,ACC935601,ACC168157,Sweden,France,Wire Transfer,Individual
TX0096,2026-02-15 11:26,1106.8,JPY,ACC723241,ACC223514,Italy,Sweden,ACH,Individual
TX0097,2026-04-22 13:12,1628.45,AUD,ACC778563,ACC331821,Germany,United States,ACH,Individual
TX0098,2026-02-01 07:48,2629.54,JPY,ACC723241,ACC761259,Italy,Canada,Cash Deposit,Individual
TX0099,2026-02-27 21:11,7829.08,EUR,ACC961168,ACC567288,Belgium,France,Credit Card,Individual
TX0100,2026-06-24 04:26,6226.61,CAD,ACC932967,ACC164867,Sweden,Sweden,Cash Deposit,Individual
TX0101,2026-01-10 06:16,12287.42,USD,ACC966199,ACC190122,Venezuela,Italy,Credit Card,Individual
TX0102,2026-03-02 01:49,556.95,CAD,ACC223514,ACC424646,Netherlands,Belgium,Cash Withdrawal,Individual
TX0103,2026-05-19 22:48,7656.38,JPY,ACC334083,ACC198142,France,Japan,Cash Withdrawal,Individual
TX0104,2026-03-18 09:00,3624.65,CAD,ACC190122,ACC687472,Canada,Belgium,Wire Transfer,PEP
TX0105,2026-01-19 08:14,6900.44,GBP,ACC705136,ACC619167,Canada,Australia,Credit Card,Individual
TX0106,2026-06-15 07:42,2336.81,CAD,ACC866676,ACC198142,Netherlands,Japan,Wire Transfer,Individual
TX0107,2026-03-31 11:23,2926.77,AUD,ACC702326,ACC355953,Germany,Spain,ACH,Individual
TX0108,2026-04-27 02:10,12286.94,JPY,ACC698646,ACC619167,Netherlands,Netherlands,Cash Deposit,Individual
TX0109,2026-06-05 23:49,7364.61,GBP,ACC578365,ACC554710,United Kingdom,Belgium,Wire Transfer,Legal Entity
TX0110,2026-01-10 14:34,7471.05,JPY,ACC709851,ACC195119,Australia,Italy,ACH,Individual
TX0111,2026-05-02 23:32,2959.96,GBP,ACC383051,ACC757911,United Kingdom,Belgium,Wire Transfer,Individual
TX0112,2026-03-31 15:39,2875.94,AUD,ACC864878,ACC175954,Germany,Australia,Wire Transfer,Individual
TX0113,2026-06-20 04:57,7014.01,GBP,ACC749078,ACC814328,Spain,United Kingdom,Cash Withdrawal,Individual
TX0114,2026-03-17 13:51,5287.8,JPY,ACC749078,ACC927425,Spain,Australia,ACH,Individual
TX0115,2026-06-20 09:43,15032.31,CAD,ACC800675,ACC195119,Germany,Cayman Islands,Check,Legal Entity
TX0116,2026-02-19 22:54,1861.33,JPY,ACC700861,ACC195119,Canada,United Kingdom,Cash Withdrawal,Individual
TX0117,2026-02-06 18:53,25773.96,USD,ACC570636,ACC620801,Cayman Islands,North Korea,Wire Transfer,Individual
TX0118,2026-01-27 15:21,1135.6,CAD,ACC208061,ACC832948,Australia,Sweden,Cash Withdrawal,Individual
TX0119,2026-03-29 23:04,7254.76,JPY,ACC163616,ACC490487,Japan,United States,Credit Card,Individual
TX0120,2026-02-16 23:00,7325.73,USD,ACC334083,ACC588218,Sweden,Panama,Check,Individual
TX0121,2026-05-19 01:46,10399.87,EUR,ACC961850,ACC160816,Iran,Panama,Credit Card,Individual
TX0122,2026-01-22 22:28,1507.32,CAD,ACC666950,ACC723241,Australia,Spain,Cash Deposit,Individual
TX0123,2026-04-07 17:23,15053.55,CAD,ACC808062,ACC163616,Netherlands,Germany,Check,Individual
TX0124,2026-01-09 02:30,947.55,AUD,ACC564682,ACC296997,Japan,Cyprus,Cash Deposit,Individual
TX0125,2026-04-20 13:22,11591.76,JPY,ACC808062,ACC173248,Sudan,Australia,Wire Transfer,Individual
TX0126,2026-01-26 13:22,7854.74,JPY,ACC761259,ACC815131,France,United States,Check,Individual
TX0127,2026-05-18 23:48,5541.05,EUR,ACC439563,ACC288499,France,Japan,Wire Transfer,Individual
TX0128,2026-03-11 15:04,3473.26,EUR,ACC538485,ACC705136,Australia,Spain,Credit Card,Individual
TX0129,2026-04-04 16:14,532.26,GBP,ACC515949,ACC782554,Sweden,Germany,Check,Individual
TX0130,2026-02-27 18:00,79.98,AUD,ACC355953,ACC429407,Sweden,Germany,Wire Transfer,Legal Entity
TX0131,2026-04-18 00:04,7825.51,AUD,ACC150631,ACC835567,Australia,United Kingdom,Cash Withdrawal,Individual
TX0132,2026-04-26 22:24,6725.8,AUD,ACC259367,ACC700861,Netherlands,Japan,Wire Transfer,Individual
TX0133,2026-05-30 21:29,1821.2,AUD,ACC251262,ACC738539,Spain,Canada,Check,Individual
TX0134,2026-03-14 05:41,16868.88,JPY,ACC835567,ACC927425,Belgium,North Korea,ACH,Individual
TX0135,2026-02-20 18:20,1896.76,EUR,ACC202163,ACC229815,Germany,Canada,Check,Legal Entity
TX0136,2026-06-07 22:58,21487.14,EUR,ACC578365,ACC229815,Sudan,Italy,Check,Legal Entity
TX0137,2026-01-01 20:56,3824.36,USD,ACC483452,ACC229815,Australia,Canada,Wire Transfer,Legal Entity
TX0138,2026-02-16 07:17,6470.05,CAD,ACC666950,ACC829070,Netherlands,Australia,Check,Legal Entity
TX0139,2026-04-11 19:44,2818.25,AUD,ACC539499,ACC208061,Australia,Spain,ACH,Individual
TX0140,2026-01-28 11:42,3814.27,CAD,ACC683705,ACC223514,Germany,Spain,Wire Transfer,Individual
TX0141,2026-02-10 17:30,7616.56,CAD,ACC782554,ACC514002,France,France,Credit Card,Individual
TX0142,2026-03-16 21:40,6235.84,JPY,ACC685184,ACC383051,France,Italy,Cash Deposit,Individual
TX0143,2026-06-20 12:43,24465.52,JPY,ACC798460,ACC261863,Panama,Venezuela,Cash Deposit,Individual
TX0144,2026-02-21 15:35,5105.13,CAD,ACC657549,ACC325127,Japan,Sweden,Credit Card,Legal Entity
TX0145,2026-06-29 12:58,9345.99,AUD,ACC173248,ACC927425,Venezuela,United Kingdom,Wire Transfer,Individual
TX0146,2026-03-13 04:23,5453.02,CAD,ACC698646,ACC661913,Belgium,Canada,Cash Withdrawal,Individual
TX0147,2026-01-17 14:05,7046.36,EUR,ACC414328,ACC296997,United States,France,ACH,Legal Entity
TX0148,2026-02-11 04:03,1358.04,EUR,ACC612714,ACC578365,Sweden,United Kingdom,Cash Withdrawal,Individual
TX0149,2026-01-03 23:33,1617.28,AUD,ACC980770,ACC398420,Venezuela,Australia,Credit Card,Individual
TX0150,2026-04-02 09:44,2625.15,GBP,ACC829070,ACC229815,Japan,Germany,Cash Deposit,Individual
TX0151,2026-03-27 05:45,6972.25,GBP,ACC620801,ACC148845,Japan,Japan,ACH,Individual
TX0152,2026-06-16 02:44,3771.8,JPY,ACC612714,ACC567288,United Kingdom,Germany,ACH,Individual
TX0153,2026-06-22 15:05,1469.25,CAD,ACC208061,ACC383051,Canada,Germany,Check,Individual
TX0154,2026-02-09 22:44,1665.13,EUR,ACC334083,ACC749078,Netherlands,Sweden,Wire Transfer,Legal Entity
TX0155,2026-03-29 13:07,811.65,CAD,ACC162496,ACC683705,United States,Sweden,Cash Deposit,Individual
TX0156,2026-02-22 01:04,3408.88,AUD,ACC185831,ACC657549,Netherlands,France,ACH,Legal Entity
TX0157,2026-03-26 12:07,2768.54,GBP,ACC698951,ACC714006,Spain,Netherlands,Cash Deposit,Individual
TX0158,2026-01-18 16:48,5241.81,JPY,ACC239643,ACC398420,Belgium,France,Cash Withdrawal,PEP
TX0159,2026-03-05 14:47,11709.25,CAD,ACC165839,ACC272453,Italy,Australia,Check,Individual
TX0160,2026-06-09 02:07,3472.65,AUD,ACC588218,ACC151998,France,Belgium,Cash Withdrawal,PEP
TX0161,2026-01-30 18:45,7830.04,EUR,ACC597128,ACC757911,Sweden,Sweden,ACH,Individual
TX0162,2026-06-01 06:58,5703.93,JPY,ACC162496,ACC185831,Italy,Netherlands,Cash Deposit,Legal Entity
TX0163,2026-02-08 09:24,8862.77,AUD,ACC692921,ACC698951,Japan,France,ACH,Legal Entity
TX0164,2026-01-31 22:00,514.11,EUR,ACC687472,ACC165839,Netherlands,Italy,Credit Card,Individual
TX0165,2026-05-02 19:34,3462.5,CAD,ACC160816,ACC778563,Spain,United States,Credit Card,Individual
TX0166,2026-02-18 15:47,1017.51,EUR,ACC483452,ACC692921,Japan,United Kingdom,Wire Transfer,Individual
TX0167,2026-06-18 20:26,4866.29,EUR,ACC190122,ACC650708,United States,Italy,Cash Deposit,Individual
TX0168,2026-05-09 19:47,3926.88,AUD,ACC677814,ACC711097,Germany,Germany,Cash Withdrawal,Individual
TX0169,2026-03-21 14:51,5038.41,GBP,ACC914983,ACC749980,Cayman Islands,United Kingdom,Cash Deposit,Individual
TX0170,2026-04-13 19:33,23132.05,EUR,ACC325127,ACC857877,Belgium,Belgium,Cash Withdrawal,Individual
TX0171,2026-05-31 09:35,849.82,CAD,ACC483452,ACC700861,Netherlands,Canada,ACH,Individual
TX0172,2026-01-10 13:33,5656.79,USD,ACC428988,ACC545140,Canada,Spain,Cash Withdrawal,Individual
TX0173,2026-04-09 00:56,7150.47,JPY,ACC424646,ACC698951,United States,Netherlands,Check,Individual
TX0174,2026-01-09 02:34,21519.82,GBP,ACC490487,ACC698951,Panama,Panama,Check,Individual
TX0175,2026-05-28 06:38,2410.82,EUR,ACC176756,ACC866676,Belgium,France,Wire Transfer,Individual
TX0176,2026-03-03 19:13,16429.9,JPY,ACC162496,ACC548363,France,Cayman Islands,Cash Withdrawal,Legal Entity
TX0177,2026-02-20 19:07,7407.69,GBP,ACC830901,ACC769949,Japan,Germany,Cash Withdrawal,Individual
TX0178,2026-01-22 04:05,4269.85,EUR,ACC514002,ACC223800,Canada,Japan,ACH,Individual
TX0179,2026-05-05 13:47,1037.51,JPY,ACC674351,ACC423466,Canada,France,Check,Individual
TX0180,2026-02-17 00:59,2702.65,USD,ACC832948,ACC661913,Spain,Spain,Cash Withdrawal,Legal Entity
TX0181,2026-05-20 22:35,7878.6,USD,ACC259367,ACC702326,France,Belgium,Credit Card,Individual
TX0182,2026-05-21 09:42,2853.32,GBP,ACC935601,ACC575198,Japan,Spain,Credit Card,Individual
TX0183,2026-02-15 16:20,3602.21,AUD,ACC796414,ACC172103,Australia,United States,Cash Withdrawal,Individual
TX0184,2026-03-17 02:50,1718.21,USD,ACC620801,ACC548363,Germany,Italy,Wire Transfer,Individual
TX0185,2026-06-14 23:51,1319.84,USD,ACC423466,ACC723241,Belgium,United Kingdom,ACH,Individual
TX0186,2026-04-10 01:22,10599.56,AUD,ACC796414,ACC917710,Cayman Islands,Australia,Check,Legal Entity
TX0187,2026-06-25 18:31,451.85,USD,ACC334083,ACC800675,Australia,Japan,Cash Withdrawal,Individual
TX0188,2026-05-12 14:07,5922.17,USD,ACC814328,ACC202163,Japan,Canada,Check,Individual
TX0189,2026-04-23 04:43,7068.56,JPY,ACC161981,ACC800675,United States,United States,Wire Transfer,Individual
TX0190,2026-04-24 09:12,16451.13,EUR,ACC148845,ACC467188,Japan,France,Cash Withdrawal,Individual
TX0191,2026-02-20 15:47,1827.49,AUD,ACC815131,ACC259367,Netherlands,Netherlands,Credit Card,Individual
TX0192,2026-04-12 02:36,19977.81,AUD,ACC698951,ACC650708,Belgium,North Korea,Cash Deposit,Legal Entity
TX0193,2026-05-06 11:37,13551.58,CAD,ACC666950,ACC567288,Sweden,Cyprus,Credit Card,Individual
TX0194,2026-03-18 05:29,25367.28,USD,ACC814328,ACC467188,Cyprus,Cayman Islands,ACH,Legal Entity
TX0195,2026-06-29 00:28,3178.01,USD,ACC139317,ACC148845,Netherlands,Italy,ACH,Individual
TX0196,2026-03-18 03:52,5620.69,AUD,ACC401924,ACC104397,Sudan,Spain,Check,Legal Entity
TX0197,2026-01-02 08:56,28612.78,GBP,ACC702326,ACC162923,France,Japan,Credit Card,PEP
TX0198,2026-06-23 13:02,4626.61,AUD,ACC272975,ACC955770,Germany,Canada,Cash Deposit,Legal Entity
TX0199,2026-03-27 10:26,1035.16,USD,ACC398420,ACC148845,France,Japan,Credit Card,Individual
TX0200,2026-06-13 13:09,222.8,EUR,ACC967017,ACC458671,Australia,Canada,Cash Deposit,Legal Entity
TX0201,2026-06-09 00:02,2651.63,CAD,ACC709851,ACC514002,Canada,United States,Credit Card,Individual
TX0202,2026-06-14 06:36,1867.09,CAD,ACC428988,ACC700861,Sweden,Sweden,Check,Individual
TX0203,2026-02-01 12:23,923.93,AUD,ACC698951,ACC829070,Netherlands,Germany,Wire Transfer,Individual
TX0204,2026-01-15 00:18,2155.89,EUR,ACC958105,ACC229815,United Kingdom,Germany,Cash Withdrawal,Individual
TX0205,2026-06-19 09:35,6377.7,JPY,ACC800675,ACC582843,Sudan,Syria,Check,Individual
TX0206,2026-02-07 04:47,2176.49,CAD,ACC165839,ACC835567,Italy,United States,Check,Individual
TX0207,2026-04-17 00:06,6685.18,JPY,ACC428988,ACC168157,Spain,France,Check,Individual
TX0208,2026-06-18 05:35,893.64,CAD,ACC168157,ACC538433,Australia,Germany,ACH,Individual
TX0209,2026-02-10 19:19,6228.11,GBP,ACC483452,ACC355953,Belgium,Germany,Cash Withdrawal,Individual
TX0210,2026-04-18 20:32,3885.77,EUR,ACC706020,ACC567288,Spain,Netherlands,ACH,Individual
TX0211,2026-05-26 13:39,6971.39,JPY,ACC208061,ACC175954,Japan,Belgium,Credit Card,Individual
TX0212,2026-06-19 02:20,871.68,JPY,ACC705136,ACC901710,Spain,Italy,Wire Transfer,Individual
TX0213,2026-01-18 23:32,2204.62,USD,ACC567288,ACC296997,Japan,Japan,Check,Individual
TX0214,2026-04-02 05:26,5431.19,USD,ACC636800,ACC829070,Germany,Canada,Check,Individual
TX0215,2026-02-09 06:44,129.79,CAD,ACC815131,ACC288499,Belgium,Spain,Cash Withdrawal,Legal Entity
TX0216,2026-02-05 04:12,1654.06,GBP,ACC657549,ACC632084,Sweden,France,Credit Card,Individual
TX0217,2026-01-27 21:00,5556.37,CAD,ACC661913,ACC711097,Netherlands,Belgium,Wire Transfer,Individual
TX0218,2026-02-09 03:54,4284.86,GBP,ACC619167,ACC439418,Venezuela,Belgium,Wire Transfer,Legal Entity
TX0219,2026-02-01 02:19,25165.75,GBP,ACC949026,ACC410106,Australia,Syria,Cash Deposit,Legal Entity
TX0220,2026-01-11 14:49,1799.38,JPY,ACC458671,ACC175954,Italy,Netherlands,Cash Withdrawal,Individual
TX0221,2026-06-15 01:02,6280.3,AUD,ACC683705,ACC685184,Italy,Germany,Cash Withdrawal,Legal Entity
TX0222,2026-04-01 04:30,4893.19,USD,ACC641883,ACC711097,Panama,Sweden,Check,Individual
TX0223,2026-04-07 17:51,7013.76,CAD,ACC800675,ACC514002,Italy,Japan,Credit Card,Legal Entity
TX0224,2026-06-06 14:54,2873.09,EUR,ACC545140,ACC851438,United Kingdom,Japan,Credit Card,Individual
TX0225,2026-01-14 05:03,29069.57,GBP,ACC198142,ACC520863,Australia,Australia,ACH,Individual
TX0226,2026-05-28 20:35,24341.6,JPY,ACC893919,ACC398420,Netherlands,Netherlands,Cash Deposit,PEP
TX0227,2026-04-30 18:01,1219.06,CAD,ACC801133,ACC272975,Belgium,Belgium,Credit Card,Legal Entity
TX0228,2026-01-30 07:20,709.73,USD,ACC893919,ACC846702,United Kingdom,Sweden,ACH,Individual
TX0229,2026-03-12 10:22,2578.72,EUR,ACC161981,ACC666950,France,Spain,ACH,Individual
TX0230,2026-01-17 09:43,4705.39,AUD,ACC932967,ACC846702,United States,Sweden,Check,Individual
TX0231,2026-05-14 01:02,1220.51,EUR,ACC162923,ACC331821,France,Netherlands,ACH,PEP
TX0232,2026-03-07 05:18,3255.41,EUR,ACC398420,ACC458671,Germany,Japan,Cash Deposit,Individual
TX0233,2026-02-24 17:53,82.54,JPY,ACC423466,ACC657549,Spain,Canada,Credit Card,Individual
TX0234,2026-02-24 11:26,4179.68,EUR,ACC661913,ACC864878,Germany,Netherlands,ACH,PEP
TX0235,2026-04-12 17:41,6542.82,USD,ACC538433,ACC698951,Belgium,Australia,Check,Individual
TX0236,2026-05-23 22:04,10874.47,USD,ACC447646,ACC864878,Cyprus,Cayman Islands,Wire Transfer,Individual
TX0237,2026-05-13 21:21,1511.23,AUD,ACC708064,ACC698951,Germany,Belgium,Credit Card,Individual
TX0238,2026-03-12 10:53,4644.03,GBP,ACC423466,ACC479146,Japan,Spain,ACH,Individual
TX0239,2026-04-30 22:11,5256.98,CAD,ACC705136,ACC778563,Netherlands,Australia,Check,Individual
TX0240,2026-01-04 10:49,22635.88,JPY,ACC650708,ACC815131,United States,Japan,Cash Withdrawal,Individual
TX0241,2026-04-29 14:11,13911.19,CAD,ACC325127,ACC456644,Cyprus,Japan,ACH,Individual
TX0242,2026-01-24 06:02,1380.29,USD,ACC597128,ACC612714,Germany,United Kingdom,Credit Card,Legal Entity
TX0243,2026-01-08 15:57,5352.67,JPY,ACC677814,ACC769949,Sweden,United States,Wire Transfer,Individual
TX0244,2026-03-22 14:40,18612.04,CAD,ACC403677,ACC690739,Sweden,Canada,Wire Transfer,Individual
TX0245,2026-03-10 13:42,5345.0,JPY,ACC202163,ACC148845,Australia,France,Credit Card,Individual
TX0246,2026-06-23 21:31,429.82,JPY,ACC778563,ACC223800,United Kingdom,Italy,Check,Individual
TX0247,2026-06-08 15:42,763.54,JPY,ACC161981,ACC657549,Italy,Netherlands,Cash Withdrawal,Individual
TX0248,2026-06-10 05:35,19372.99,AUD,ACC588218,ACC674351,Italy,Syria,Credit Card,Individual
TX0249,2026-03-18 08:45,18915.12,EUR,ACC859957,ACC548363,Italy,Syria,Wire Transfer,Individual
TX0250,2026-02-20 01:24,6051.06,GBP,ACC575198,ACC711316,Japan,France,ACH,Legal Entity
TX0251,2026-03-02 00:46,3218.85,CAD,ACC490487,ACC901710,Australia,Netherlands,ACH,Individual
TX0252,2026-06-15 21:27,6338.48,CAD,ACC782554,ACC141111,United Kingdom,Spain,Check,Individual
TX0253,2026-04-18 13:07,10239.47,JPY,ACC961850,ACC151998,Cyprus,United Kingdom,Wire Transfer,Individual
TX0254,2026-04-03 03:59,2267.48,CAD,ACC893919,ACC677814,United Kingdom,United Kingdom,Credit Card,Individual
TX0255,2026-06-13 00:43,13365.55,JPY,ACC288499,ACC801133,Canada,United States,Cash Withdrawal,Individual
TX0256,2026-02-20 08:27,24938.66,GBP,ACC460160,ACC949026,Germany,Cyprus,Check,Individual
TX0257,2026-03-12 14:32,4929.21,EUR,ACC851438,ACC692921,United Kingdom,Italy,Cash Withdrawal,Individual
TX0258,2026-03-18 15:49,15573.94,JPY,ACC331821,ACC141111,Germany,Italy,Cash Deposit,Individual
TX0259,2026-01-06 21:07,5071.71,USD,ACC223800,ACC198142,Sweden,Japan,Wire Transfer,Individual
TX0260,2026-03-23 19:03,3919.37,JPY,ACC239643,ACC955770,Italy,Italy,Cash Deposit,Individual
TX0261,2026-02-10 23:02,20824.29,USD,ACC801133,ACC685184,United States,Canada,ACH,Legal Entity
TX0262,2026-01-30 04:11,16850.26,GBP,ACC229815,ACC661913,Cayman Islands,France,Credit Card,Legal Entity
TX0263,2026-06-29 11:02,2853.59,USD,ACC542182,ACC782554,Canada,Spain,Cash Deposit,Individual
TX0264,2026-02-02 14:22,866.27,GBP,ACC202163,ACC423466,Spain,Netherlands,Wire Transfer,Individual
TX0265,2026-02-14 16:55,2979.78,AUD,ACC738539,ACC355953,Canada,France,ACH,Individual
TX0266,2026-04-19 23:03,7715.96,USD,ACC700861,ACC164867,Japan,Canada,Cash Deposit,Legal Entity
TX0267,2026-03-10 02:22,6962.73,CAD,ACC467188,ACC229815,United States,Netherlands,Cash Deposit,Individual
TX0268,2026-05-18 13:06,1692.36,GBP,ACC542182,ACC172103,Italy,Netherlands,Cash Withdrawal,Individual
TX0269,2026-06-16 16:44,750.71,EUR,ACC514002,ACC164867,United States,Australia,Wire Transfer,Individual
TX0270,2026-04-24 22:39,2456.6,GBP,ACC148845,ACC782554,Italy,Spain,Check,Individual
TX0271,2026-01-20 14:57,1201.14,EUR,ACC597128,ACC139317,United Kingdom,Sweden,Check,Individual
TX0272,2026-06-29 18:02,3507.71,CAD,ACC814328,ACC620528,Italy,Canada,Wire Transfer,Individual
TX0273,2026-03-17 16:46,4816.18,AUD,ACC185831,ACC711316,Sweden,France,Check,Individual
TX0274,2026-04-06 10:28,5576.9,USD,ACC796414,ACC967017,Australia,Italy,Cash Deposit,Legal Entity
TX0275,2026-03-30 02:34,16547.1,AUD,ACC410106,ACC163616,Sweden,Panama,Check,Legal Entity
TX0276,2026-02-23 06:35,3085.6,EUR,ACC139317,ACC315963,Netherlands,Germany,Cash Withdrawal,Legal Entity
TX0277,2026-02-08 17:17,5557.21,JPY,ACC835567,ACC778563,Spain,Spain,Cash Withdrawal,Individual
TX0278,2026-01-08 06:33,2981.23,USD,ACC570636,ACC296997,Netherlands,United Kingdom,Cash Deposit,Individual
TX0279,2026-02-28 06:12,1976.64,GBP,ACC447646,ACC866676,Belgium,Cyprus,Cash Withdrawal,Individual
TX0280,2026-03-11 03:48,4182.59,JPY,ACC538433,ACC258176,Spain,Germany,Wire Transfer,Individual
TX0281,2026-02-06 01:15,6221.63,GBP,ACC331821,ACC846702,United States,United Kingdom,Cash Withdrawal,Individual
TX0282,2026-02-24 00:47,11159.97,AUD,ACC360494,ACC800675,Spain,France,Cash Deposit,Individual
TX0283,2026-01-23 19:58,10066.01,USD,ACC893919,ACC458671,Canada,Syria,Credit Card,Individual
TX0284,2026-02-08 13:39,6666.68,CAD,ACC674351,ACC460160,Belgium,Sweden,ACH,Individual
TX0285,2026-01-06 13:49,5277.3,AUD,ACC914983,ACC458671,United States,France,Wire Transfer,Individual
TX0286,2026-02-12 15:21,5986.12,EUR,ACC151998,ACC172103,Japan,Australia,ACH,PEP
TX0287,2026-01-22 05:10,1834.2,CAD,ACC401924,ACC657549,Japan,Spain,ACH,PEP
TX0288,2026-04-21 04:46,4201.12,EUR,ACC325127,ACC163616,Japan,Italy,Check,Legal Entity
TX0289,2026-03-14 06:53,342.82,USD,ACC165839,ACC355953,Japan,United States,Check,Legal Entity
TX0290,2026-05-28 19:49,2227.41,USD,ACC545140,ACC168157,United States,Italy,Check,Individual
TX0291,2026-06-08 21:42,3235.44,USD,ACC815131,ACC691783,United Kingdom,Spain,Cash Withdrawal,Individual
TX0292,2026-05-17 19:55,5214.72,EUR,ACC661913,ACC901710,Netherlands,United Kingdom,Cash Withdrawal,Legal Entity
TX0293,2026-02-21 18:29,5048.15,AUD,ACC666950,ACC198702,Germany,Canada,ACH,Individual
TX0294,2026-04-02 16:47,2110.44,CAD,ACC661913,ACC588218,Italy,Canada,Cash Withdrawal,Legal Entity
TX0295,2026-04-11 05:48,3475.44,EUR,ACC809305,ACC632084,Japan,United States,Wire Transfer,Individual
TX0296,2026-06-08 17:43,956.45,JPY,ACC591612,ACC685184,United States,Japan,Credit Card,Individual
TX0297,2026-01-23 04:27,7203.72,USD,ACC691783,ACC229815,Iran,United Kingdom,ACH,Legal Entity
TX0298,2026-03-21 04:17,564.63,EUR,ACC403677,ACC749078,Australia,Spain,Credit Card,Individual
TX0299,2026-02-16 22:52,5661.68,EUR,ACC460160,ACC239643,United Kingdom,France,Credit Card,Legal Entity
TX0300,2026-04-05 06:50,26226.97,USD,ACC223514,ACC165764,Canada,Sweden,Check,Individual
TX0301,2026-06-04 10:16,3990.22,JPY,ACC709851,ACC198702,Germany,Japan,Wire Transfer,Individual
TX0302,2026-06-21 20:53,19195.53,USD,ACC687472,ACC538433,Australia,Cyprus,Check,Individual
TX0303,2026-05-27 04:18,24827.77,CAD,ACC949026,ACC738539,Australia,Japan,Cash Withdrawal,Individual
TX0304,2026-04-23 05:42,7553.77,GBP,ACC778563,ACC813451,United Kingdom,Belgium,ACH,Individual
TX0305,2026-06-28 01:10,10058.41,USD,ACC259367,ACC711316,Spain,Cyprus,Wire Transfer,Individual
TX0306,2026-03-22 05:33,1636.17,AUD,ACC289505,ACC331821,Sweden,Spain,Check,Individual
TX0307,2026-03-06 18:33,5053.74,EUR,ACC331821,ACC691783,Spain,Japan,ACH,Individual
TX0308,2026-06-11 17:17,1803.39,AUD,ACC483452,ACC403677,Canada,Belgium,ACH,Individual
TX0309,2026-01-10 09:10,29727.99,GBP,ACC660668,ACC966199,United States,United Kingdom,Wire Transfer,PEP
TX0310,2026-06-13 20:08,351.07,USD,ACC713984,ACC620528,United States,Japan,Wire Transfer,Individual
TX0311,2026-06-18 02:01,5150.52,GBP,ACC711097,ACC198702,Sweden,Italy,Cash Deposit,Individual
TX0312,2026-05-08 15:05,7502.87,USD,ACC148845,ACC198142,Spain,Spain,ACH,Individual
TX0313,2026-01-16 15:20,1802.68,USD,ACC570636,ACC223800,Australia,United Kingdom,Cash Deposit,Individual
TX0314,2026-01-06 15:18,845.82,USD,ACC424646,ACC334083,Spain,Australia,Cash Withdrawal,Individual
TX0315,2026-05-08 17:11,543.03,JPY,ACC570636,ACC829070,Australia,Canada,Check,Individual
TX0316,2026-02-04 00:27,4008.0,AUD,ACC661913,ACC289505,Italy,France,Check,Legal Entity
TX0317,2026-05-31 17:03,6815.47,GBP,ACC545140,ACC698646,United Kingdom,Sweden,Wire Transfer,Individual
TX0318,2026-03-27 20:25,2562.04,CAD,ACC164867,ACC612714,United Kingdom,Japan,Wire Transfer,Individual
TX0319,2026-05-03 12:05,4801.95,CAD,ACC620801,ACC104397,France,Spain,Cash Withdrawal,Individual
TX0320,2026-01-20 20:10,6287.71,GBP,ACC961850,ACC666950,Belgium,Italy,Cash Deposit,Individual
TX0321,2026-03-17 05:12,5494.33,AUD,ACC749078,ACC272975,United Kingdom,Australia,Cash Deposit,Individual
TX0322,2026-04-10 05:15,2559.03,GBP,ACC548363,ACC456644,Japan,Netherlands,Check,Individual
TX0323,2026-03-04 07:56,3838.86,AUD,ACC813451,ACC814328,United Kingdom,United Kingdom,ACH,Individual
TX0324,2026-01-02 03:54,10397.4,JPY,ACC289505,ACC403677,Sweden,Australia,Wire Transfer,Individual
TX0325,2026-02-17 18:12,4083.23,USD,ACC542182,ACC315963,Sweden,Germany,Check,Individual
TX0326,2026-04-02 01:25,5652.04,AUD,ACC692921,ACC864878,Italy,United Kingdom,Check,Legal Entity
TX0327,2026-02-16 08:04,11868.04,AUD,ACC692921,ACC289505,France,Venezuela,ACH,PEP
TX0328,2026-02-21 13:37,2211.77,USD,ACC229815,ACC677814,France,United States,Cash Withdrawal,Legal Entity
TX0329,2026-04-10 16:13,253.85,AUD,ACC168157,ACC723241,United States,Netherlands,ACH,Legal Entity
TX0330,2026-01-05 11:38,1681.46,AUD,ACC539499,ACC706020,Canada,United States,Check,Individual
TX0331,2026-02-20 12:58,2035.04,EUR,ACC165839,ACC801133,United States,Canada,Cash Deposit,Individual
TX0332,2026-05-01 17:20,1077.34,AUD,ACC685184,ACC548363,Belgium,United Kingdom,Wire Transfer,Legal Entity
TX0333,2026-03-26 14:15,4624.69,AUD,ACC932967,ACC148845,United Kingdom,Germany,Cash Deposit,Individual
TX0334,2026-05-19 06:57,2391.48,AUD,ACC490487,ACC289505,Spain,Venezuela,Check,Individual
TX0335,2026-03-31 05:12,1523.55,GBP,ACC414328,ACC160816,Australia,Netherlands,Cash Deposit,Individual
TX0336,2026-02-06 08:49,21184.71,JPY,ACC439418,ACC757911,Panama,Iran,ACH,Individual
TX0337,2026-04-28 02:22,2116.59,CAD,ACC698646,ACC723241,Netherlands,Germany,Check,Individual
TX0338,2026-05-18 03:10,27223.41,CAD,ACC866676,ACC692921,Panama,France,Wire Transfer,PEP
TX0339,2026-03-15 14:18,1533.09,GBP,ACC666950,ACC738539,Japan,Spain,Cash Deposit,Individual
TX0340,2026-01-09 01:30,11581.58,USD,ACC961850,ACC980770,Cayman Islands,Spain,Cash Deposit,PEP
TX0341,2026-06-07 09:53,2813.75,GBP,ACC139317,ACC706020,Sweden,Australia,Wire Transfer,Individual
TX0342,2026-03-23 05:46,4840.29,JPY,ACC708064,ACC932967,Germany,United Kingdom,Check,Individual
TX0343,2026-01-10 07:01,12539.61,AUD,ACC711097,ACC401924,Belgium,Spain,Wire Transfer,Individual
TX0344,2026-03-11 06:57,17284.34,AUD,ACC864878,ACC334083,Syria,France,Check,Individual
TX0345,2026-03-11 07:33,21792.48,EUR,ACC738539,ACC636800,Venezuela,Belgium,Wire Transfer,Individual
TX0346,2026-04-01 16:26,2304.52,USD,ACC259367,ACC955770,Japan,Netherlands,Cash Deposit,Individual
TX0347,2026-02-27 10:41,11173.73,CAD,ACC575198,ACC761259,Sudan,Cayman Islands,Credit Card,Legal Entity
TX0348,2026-01-11 13:03,5428.87,USD,ACC620801,ACC424646,Japan,Sweden,Credit Card,Legal Entity
TX0349,2026-06-26 10:04,26714.51,AUD,ACC949026,ACC914983,Japan,Syria,Wire Transfer,PEP
TX0350,2026-05-02 06:59,4457.22,EUR,ACC641883,ACC859957,Iran,North Korea,ACH,Individual
TX0351,2026-04-04 12:16,71.43,CAD,ACC958105,ACC687472,France,Canada,ACH,Individual
TX0352,2026-05-28 22:48,1554.9,CAD,ACC705136,ACC796414,Spain,France,ACH,Individual
TX0353,2026-06-26 13:10,5241.18,CAD,ACC439563,ACC383051,Germany,Sweden,Wire Transfer,Legal Entity
TX0354,2026-04-21 02:58,2871.95,EUR,ACC325127,ACC439563,Spain,Canada,Credit Card,Individual
TX0355,2026-01-17 16:06,7493.22,EUR,ACC208061,ACC832948,France,Australia,Wire Transfer,Legal Entity
TX0356,2026-06-03 00:17,5260.44,JPY,ACC542182,ACC261863,Cyprus,Germany,Wire Transfer,Individual
TX0357,2026-01-18 06:54,4604.27,GBP,ACC331821,ACC542182,Belgium,Spain,ACH,Individual
TX0358,2026-03-30 15:07,27621.67,AUD,ACC687472,ACC160816,Germany,Sweden,Wire Transfer,Individual
TX0359,2026-01-10 18:50,1557.11,AUD,ACC846702,ACC711316,United Kingdom,Germany,Cash Deposit,Individual
TX0360,2026-06-27 01:46,8112.17,AUD,ACC738738,ACC239643,Japan,France,Check,PEP
TX0361,2026-02-28 15:11,5831.1,JPY,ACC620801,ACC800675,Canada,Japan,Cash Deposit,Individual
TX0362,2026-02-23 00:08,21255.69,EUR,ACC538485,ACC304908,Spain,Spain,Wire Transfer,PEP
TX0363,2026-02-23 08:02,15840.32,EUR,ACC661913,ACC893919,Sweden,Cayman Islands,Cash Deposit,Individual
TX0364,2026-04-23 11:22,2037.77,USD,ACC414328,ACC139317,Belgium,Germany,Cash Withdrawal,Individual
TX0365,2026-01-27 08:02,6558.18,CAD,ACC815131,ACC447646,Cyprus,Cayman Islands,Cash Withdrawal,Individual
TX0366,2026-05-10 08:17,11612.29,GBP,ACC542182,ACC738539,Panama,United States,Credit Card,Individual
TX0367,2026-05-23 10:37,5966.45,EUR,ACC162496,ACC620801,Canada,Belgium,Check,Individual
TX0368,2026-04-12 23:50,1872.71,JPY,ACC514002,ACC538485,Canada,Spain,Cash Withdrawal,Individual
TX0369,2026-03-17 20:56,5837.85,USD,ACC223800,ACC289505,Netherlands,Japan,ACH,Individual
TX0370,2026-05-06 06:25,3936.57,JPY,ACC657549,ACC334083,Australia,United Kingdom,Credit Card,Individual
TX0371,2026-06-28 16:57,4314.74,GBP,ACC163616,ACC360494,Spain,Italy,Cash Withdrawal,Individual
TX0372,2026-05-24 09:01,2018.54,JPY,ACC575198,ACC713984,Australia,Germany,ACH,Individual
TX0373,2026-04-12 07:04,6175.04,CAD,ACC151998,ACC423466,United States,United Kingdom,Credit Card,Individual
TX0374,2026-05-21 05:28,2959.32,GBP,ACC355953,ACC161981,Spain,Australia,Cash Withdrawal,Individual
TX0375,2026-06-24 07:43,8097.41,EUR,ACC150631,ACC711316,Canada,Sudan,Cash Deposit,Individual
TX0376,2026-05-18 03:42,3480.6,AUD,ACC202163,ACC539499,Japan,Canada,Cash Withdrawal,Individual
TX0377,2026-01-28 19:11,2301.89,CAD,ACC424646,ACC927425,Netherlands,Spain,Check,Individual
TX0378,2026-01-25 15:18,4275.78,CAD,ACC846702,ACC935601,Italy,Sweden,Wire Transfer,Individual
TX0379,2026-02-27 01:07,2271.21,GBP,ACC164867,ACC414328,Canada,France,Check,Individual
TX0380,2026-03-05 00:30,6018.34,JPY,ACC414834,ACC439563,Germany,United Kingdom,Check,Individual
TX0381,2026-06-09 21:15,10044.84,GBP,ACC315963,ACC181390,Australia,Cyprus,Cash Deposit,Individual
TX0382,2026-05-06 03:37,2323.49,AUD,ACC738539,ACC161981,Belgium,Sweden,Check,Individual
TX0383,2026-04-13 21:39,10930.39,JPY,ACC864878,ACC261863,United States,Belgium,ACH,Legal Entity
TX0384,2026-01-04 10:25,6706.79,CAD,ACC815131,ACC813451,Italy,Australia,Credit Card,Individual
TX0385,2026-02-17 14:43,10837.68,AUD,ACC401924,ACC383051,Cayman Islands,Sweden,Wire Transfer,Legal Entity
TX0386,2026-04-03 21:13,22055.03,USD,ACC414328,ACC383051,North Korea,France,Wire Transfer,Individual
TX0387,2026-01-10 12:14,7299.65,AUD,ACC575198,ACC830901,United States,United States,Cash Withdrawal,Individual
TX0388,2026-03-25 04:50,575.83,USD,ACC949026,ACC636800,Iran,France,Check,Legal Entity
TX0389,2026-02-13 12:50,10870.72,AUD,ACC709851,ACC514002,Cayman Islands,Italy,Cash Withdrawal,Individual
TX0390,2026-02-08 02:18,918.77,EUR,ACC456644,ACC429407,France,United Kingdom,Cash Withdrawal,Individual
TX0391,2026-02-21 02:34,3453.08,AUD,ACC709851,ACC932967,Spain,United States,Cash Withdrawal,PEP
TX0392,2026-06-06 17:00,4086.95,AUD,ACC150631,ACC467188,United States,Australia,Wire Transfer,Individual
TX0393,2026-06-19 07:30,18982.24,GBP,ACC315963,ACC564682,Sweden,Japan,Credit Card,PEP
TX0394,2026-05-16 03:03,4522.42,CAD,ACC185831,ACC172103,France,Australia,Cash Deposit,Individual
TX0395,2026-01-31 03:52,6950.59,JPY,ACC702326,ACC814328,Sweden,Spain,Check,Individual
TX0396,2026-04-21 14:10,23829.47,JPY,ACC460160,ACC190122,Spain,France,Cash Deposit,Individual
TX0397,2026-02-11 17:30,18738.32,CAD,ACC549183,ACC410106,Canada,Italy,Cash Deposit,Individual
TX0398,2026-05-07 09:37,21664.61,GBP,ACC620528,ACC641883,Syria,Canada,Cash Withdrawal,Individual
TX0399,2026-04-28 16:30,11285.48,USD,ACC961168,ACC229815,Canada,Canada,Credit Card,Individual
TX0400,2026-04-27 10:49,1222.03,GBP,ACC289505,ACC352353,Sweden,Belgium,Check,Individual
TX0401,2026-01-19 10:34,6032.43,CAD,ACC967017,ACC168157,Spain,Myanmar,ACH,Individual
TX0402,2026-01-15 06:32,27676.12,AUD,ACC866676,ACC687472,United States,Syria,ACH,Individual
TX0403,2026-06-14 09:58,3234.19,CAD,ACC578365,ACC749078,Germany,United States,Cash Deposit,Individual
TX0404,2026-02-02 22:59,24665.81,CAD,ACC104397,ACC139317,Cyprus,Sweden,Credit Card,Individual
TX0405,2026-03-12 08:31,5476.41,USD,ACC619167,ACC700861,Netherlands,France,Check,Legal Entity
TX0406,2026-02-24 14:19,4242.23,GBP,ACC612714,ACC490487,Japan,Australia,Cash Deposit,Individual
TX0407,2026-02-15 03:53,4576.59,EUR,ACC439563,ACC705136,Sweden,Belgium,Cash Deposit,Legal Entity
TX0408,2026-04-02 16:20,6725.7,CAD,ACC851438,ACC980770,Netherlands,Netherlands,Cash Withdrawal,Legal Entity
TX0409,2026-05-02 21:36,199.78,AUD,ACC620801,ACC632084,Sweden,United Kingdom,Cash Withdrawal,Individual
TX0410,2026-06-12 18:07,29667.58,JPY,ACC479146,ACC966199,United Kingdom,Netherlands,Cash Withdrawal,Individual
TX0411,2026-05-21 07:55,4456.64,JPY,ACC711097,ACC141111,Spain,Italy,Wire Transfer,Individual
TX0412,2026-01-28 13:14,5519.47,USD,ACC360494,ACC195119,United States,Australia,Check,Legal Entity
TX0413,2026-05-03 02:53,24020.85,CAD,ACC251262,ACC304908,Australia,Venezuela,Cash Deposit,Individual
TX0414,2026-06-16 08:14,16418.13,GBP,ACC202163,ACC588218,Japan,France,Wire Transfer,Individual
TX0415,2026-02-17 11:12,323.85,GBP,ACC414834,ACC185831,United Kingdom,Canada,ACH,Individual
TX0416,2026-04-17 12:32,5697.36,JPY,ACC458671,ACC208061,Spain,France,Credit Card,Individual
TX0417,2026-04-11 11:24,5010.22,AUD,ACC458671,ACC414834,Germany,Germany,ACH,Legal Entity
TX0418,2026-01-25 14:14,6706.47,EUR,ACC289505,ACC932967,Australia,Canada,Wire Transfer,Individual
TX0419,2026-06-11 18:13,2839.63,GBP,ACC490487,ACC554710,United States,Canada,Credit Card,Individual
TX0420,2026-02-17 17:51,13909.84,CAD,ACC150631,ACC660668,Spain,Belgium,Check,Individual
TX0421,2026-02-13 06:47,399.63,AUD,ACC691783,ACC749078,United States,Canada,Wire Transfer,Legal Entity
TX0422,2026-02-19 22:42,4849.48,JPY,ACC175954,ACC331821,Netherlands,Belgium,ACH,Legal Entity
TX0423,2026-05-25 21:19,7323.92,USD,ACC208061,ACC403677,Japan,Canada,Credit Card,Individual
TX0424,2026-06-02 20:02,5978.93,JPY,ACC185831,ACC258176,Japan,Australia,Cash Deposit,Individual
TX0425,2026-05-21 02:53,15697.11,JPY,ACC520863,ACC980770,Cayman Islands,Iran,ACH,PEP
TX0426,2026-02-04 12:12,19395.51,CAD,ACC835567,ACC932967,Germany,Sweden,Cash Withdrawal,Individual
TX0427,2026-04-11 11:08,1215.7,CAD,ACC325127,ACC702326,Canada,United Kingdom,Cash Withdrawal,Individual
TX0428,2026-05-26 12:54,7472.32,JPY,ACC229815,ACC961850,United Kingdom,United Kingdom,Wire Transfer,Individual
TX0429,2026-03-19 11:22,3183.25,JPY,ACC612714,ACC542182,Sweden,Japan,Wire Transfer,Individual
TX0430,2026-05-08 06:12,24371.32,GBP,ACC355953,ACC549183,France,Sudan,ACH,Individual
TX0431,2026-03-22 04:45,19580.92,USD,ACC927425,ACC582843,Panama,Syria,Cash Deposit,Individual
TX0432,2026-01-16 23:16,7380.9,GBP,ACC711097,ACC713984,Belgium,Spain,Wire Transfer,Individual
TX0433,2026-05-18 15:34,4156.46,JPY,ACC796414,ACC479146,Australia,Australia,Wire Transfer,PEP
TX0434,2026-02-24 19:54,2879.39,JPY,ACC705136,ACC141111,Sweden,Sweden,ACH,Legal Entity
TX0435,2026-01-11 21:35,5177.33,AUD,ACC657549,ACC514002,Canada,Italy,Check,Individual
TX0436,2026-01-02 00:28,7553.2,AUD,ACC857877,ACC383051,Spain,Venezuela,Check,Individual
TX0437,2026-02-16 16:14,6716.62,CAD,ACC619167,ACC141111,Japan,Italy,Cash Deposit,Legal Entity
TX0438,2026-06-10 14:21,1157.74,JPY,ACC700861,ACC846702,Spain,Netherlands,Cash Withdrawal,Individual
TX0439,2026-04-04 23:27,26255.23,EUR,ACC414834,ACC864878,United States,Canada,Credit Card,Legal Entity
TX0440,2026-06-28 19:27,5892.71,GBP,ACC288499,ACC456644,Panama,Panama,Wire Transfer,Individual
TX0441,2026-05-10 19:14,7218.06,AUD,ACC251262,ACC161981,Sweden,France,ACH,Individual
TX0442,2026-02-21 09:50,3037.13,GBP,ACC612714,ACC538433,Italy,United States,Cash Deposit,Individual
TX0443,2026-04-29 02:18,6857.02,EUR,ACC813451,ACC677814,France,Germany,Cash Withdrawal,Individual
TX0444,2026-05-20 14:50,4531.63,USD,ACC700861,ACC687472,Spain,Iran,Check,Legal Entity
TX0445,2026-02-07 08:13,2570.9,GBP,ACC711316,ACC414834,United States,Italy,Check,Individual
TX0446,2026-01-27 22:10,5992.21,EUR,ACC162496,ACC195119,Japan,United States,Cash Deposit,Individual
TX0447,2026-04-07 10:19,28104.52,CAD,ACC636800,ACC813451,Netherlands,United Kingdom,Credit Card,Individual
TX0448,2026-06-09 11:02,6719.78,EUR,ACC208061,ACC429407,Belgium,Belgium,Cash Withdrawal,Individual
TX0449,2026-01-09 10:14,529.64,GBP,ACC830901,ACC709851,France,United Kingdom,Wire Transfer,Individual
TX0450,2026-06-19 01:36,5659.28,JPY,ACC198702,ACC636800,Germany,Italy,Check,Individual
TX0451,2026-01-28 01:40,3394.79,JPY,ACC175954,ACC202163,Australia,Sweden,Wire Transfer,Legal Entity
TX0452,2026-06-05 10:02,10464.36,EUR,ACC708064,ACC814328,Panama,Germany,Wire Transfer,Individual
TX0453,2026-05-26 01:49,318.66,USD,ACC917710,ACC439563,France,Italy,Check,Individual
TX0454,2026-03-08 09:37,4469.2,GBP,ACC161981,ACC223514,United Kingdom,Canada,Cash Deposit,Legal Entity
TX0455,2026-02-16 16:59,6121.25,GBP,ACC479146,ACC866676,France,Spain,Cash Withdrawal,Legal Entity
TX0456,2026-02-08 16:51,6549.61,AUD,ACC554710,ACC223800,Sweden,Germany,Check,Legal Entity
TX0457,2026-02-11 11:42,2951.43,JPY,ACC698646,ACC259367,Cyprus,Venezuela,Wire Transfer,Individual
TX0458,2026-05-09 03:57,22134.88,EUR,ACC284844,ACC756118,Sudan,Cayman Islands,Check,Legal Entity
TX0459,2026-01-25 17:00,306.34,CAD,ACC832948,ACC175954,Australia,Italy,Cash Withdrawal,Individual
TX0460,2026-05-03 05:28,5124.6,USD,ACC711097,ACC832948,Italy,United Kingdom,Credit Card,Individual
TX0461,2026-03-06 19:15,4054.81,GBP,ACC168157,ACC800675,Spain,Canada,ACH,Individual
TX0462,2026-04-19 00:04,6425.16,AUD,ACC967017,ACC798460,Spain,Germany,Credit Card,Individual
TX0463,2026-02-06 01:59,2912.79,EUR,ACC961850,ACC575198,Japan,United Kingdom,Cash Deposit,Individual
TX0464,2026-06-15 06:47,6388.22,AUD,ACC148845,ACC429407,Sweden,Australia,Cash Deposit,Individual
TX0465,2026-02-11 06:31,1047.86,EUR,ACC800675,ACC424646,Sweden,Spain,Wire Transfer,Individual
TX0466,2026-01-02 16:34,6430.42,CAD,ACC163616,ACC423466,France,Belgium,ACH,Individual
TX0467,2026-05-26 07:10,7463.41,AUD,ACC708064,ACC538485,Germany,Sweden,Credit Card,Individual
TX0468,2026-02-19 08:28,4042.63,JPY,ACC708064,ACC331821,United Kingdom,Italy,Cash Deposit,Individual
TX0469,2026-02-19 22:36,2583.75,USD,ACC711316,ACC161981,Sweden,Germany,Check,Individual
TX0470,2026-05-20 02:27,12201.92,GBP,ACC830901,ACC424646,Germany,Syria,ACH,Individual
TX0471,2026-01-12 01:55,727.98,AUD,ACC932967,ACC458671,Canada,United States,Credit Card,Legal Entity
TX0472,2026-01-20 09:27,1104.6,CAD,ACC575198,ACC383051,United Kingdom,France,Cash Deposit,Individual
TX0473,2026-01-16 06:22,5948.2,JPY,ACC769949,ACC567288,Sweden,Germany,Credit Card,Individual
TX0474,2026-01-04 19:36,4991.47,JPY,ACC597128,ACC708064,Spain,Sweden,Check,Legal Entity
TX0475,2026-05-07 18:00,7609.4,USD,ACC835567,ACC272975,Netherlands,Germany,Credit Card,Individual
TX0476,2026-05-15 03:35,27133.9,GBP,ACC619167,ACC709851,Canada,Syria,Cash Withdrawal,Legal Entity
TX0477,2026-01-17 12:33,297.73,USD,ACC150631,ACC674351,Sweden,Canada,Wire Transfer,Individual
TX0478,2026-04-10 03:41,3899.16,USD,ACC414834,ACC967017,Netherlands,United Kingdom,Check,Individual
TX0479,2026-03-02 09:39,2534.33,AUD,ACC195119,ACC259367,United States,Australia,Credit Card,Individual
TX0480,2026-03-06 06:51,21403.63,EUR,ACC554710,ACC567288,Netherlands,Myanmar,Wire Transfer,Individual
TX0481,2026-03-10 03:18,2090.78,GBP,ACC813451,ACC175954,Netherlands,Belgium,Cash Deposit,Legal Entity
TX0482,2026-05-18 04:24,7983.46,AUD,ACC620801,ACC713984,Australia,Italy,Cash Deposit,Individual
TX0483,2026-02-22 21:04,2713.02,AUD,ACC619167,ACC176756,Netherlands,France,Check,Individual
TX0484,2026-01-12 12:14,7226.9,EUR,ACC620528,ACC401924,Netherlands,France,Credit Card,Individual
TX0485,2026-04-26 12:16,27171.95,JPY,ACC423466,ACC835567,Italy,Netherlands,Cash Deposit,Individual
TX0486,2026-01-24 17:09,19896.08,USD,ACC497224,ACC289505,Sudan,North Korea,Credit Card,Individual
TX0487,2026-06-03 05:56,1735.13,AUD,ACC846702,ACC288499,Italy,Germany,Credit Card,Legal Entity
TX0488,2026-04-18 19:19,4195.55,CAD,ACC176756,ACC620801,Germany,France,Credit Card,Individual
TX0489,2026-02-07 00:38,1524.82,AUD,ACC251262,ACC414834,Belgium,Australia,Wire Transfer,Individual
TX0490,2026-04-22 05:00,21053.35,CAD,ACC538485,ACC458671,North Korea,Syria,Credit Card,Individual
TX0491,2026-06-01 22:08,3231.05,CAD,ACC700861,ACC162496,Sweden,United States,Cash Deposit,Legal Entity
TX0492,2026-06-16 23:07,15218.65,CAD,ACC545140,ACC575198,Belgium,Cayman Islands,Cash Withdrawal,Individual
TX0493,2026-04-05 03:53,3456.52,CAD,ACC185831,ACC383051,Germany,Sweden,Cash Deposit,Individual
TX0494,2026-06-13 23:20,3521.35,JPY,ACC258176,ACC272975,Germany,Belgium,Check,Individual
TX0495,2026-04-21 15:46,7950.3,CAD,ACC334083,ACC401924,Belgium,Netherlands,Check,Individual
TX0496,2026-04-09 14:07,3644.8,EUR,ACC711097,ACC692921,Germany,Australia,Cash Deposit,Individual
TX0497,2026-03-11 19:05,5506.08,EUR,ACC835567,ACC258176,Sweden,Netherlands,Check,Legal Entity
TX0498,2026-01-06 05:22,939.55,AUD,ACC148845,ACC198702,United States,Canada,ACH,Individual
TX0499,2026-06-15 04:24,3544.05,USD,ACC545140,ACC711097,United Kingdom,Belgium,Cash Deposit,Individual
TX0500,2026-03-03 10:19,5174.38,USD,ACC935601,ACC588218,Australia,Spain,ACH,Individual
